cam_name,cam_token,fx,fy,cx,cy,intrinsic_matrix
CAM_FRONT,e3d495d4ac534d54b321f50006683844,1266.417203046554,1266.417203046554,816.2670197447984,491.50706579294757,"1266.417203046554,0.0,816.2670197447984;0.0,1266.417203046554,491.50706579294757;0.0,0.0,1.0"
CAM_FRONT_RIGHT,aac7867ebf4f446395d29fbd60b63b3b,1260.8474446004698,1260.8474446004698,807.968244525554,495.3344268742088,"1260.8474446004698,0.0,807.968244525554;0.0,1260.8474446004698,495.3344268742088;0.0,0.0,1.0"
CAM_FRONT_LEFT,fe5422747a7d4268a4b07fc396707b23,1272.5979470598488,1272.5979470598488,826.6154927353808,479.75165386361925,"1272.5979470598488,0.0,826.6154927353808;0.0,1272.5979470598488,479.75165386361925;0.0,0.0,1.0"
CAM_BACK,03bea5763f0f4722933508d5999c5fd8,809.2209905677063,809.2209905677063,829.2196003259838,481.77842384512485,"809.2209905677063,0.0,829.2196003259838;0.0,809.2209905677063,481.77842384512485;0.0,0.0,1.0"
CAM_BACK_LEFT,43893a033f9c46d4a51b5e08a67a1eb7,1256.7414812095406,1256.7414812095406,792.1125740759628,492.7757465151356,"1256.7414812095406,0.0,792.1125740759628;0.0,1256.7414812095406,492.7757465151356;0.0,0.0,1.0"
CAM_BACK_RIGHT,79dbb4460a6b40f49f9c150cb118247e,1259.5137405846733,1259.5137405846733,807.2529053838625,501.19579884916527,"1259.5137405846733,0.0,807.2529053838625;0.0,1259.5137405846733,501.19579884916527;0.0,0.0,1.0"
